epoch,learning_rate,loss,step
0.04,1e-05,133.4601,10
0.09,1e-05,126.6353,20
0.13,1e-05,115.5211,30
0.18,1e-05,108.2982,40
0.22,1e-05,95.5048,50
0.26,1e-05,86.2597,60
0.31,1e-05,79.5347,70
0.35,1e-05,67.3921,80
0.4,1e-05,51.338,90
0.44,1e-05,32.4379,100
0.48,1e-05,14.7893,110
0.53,1e-05,7.5103,120
0.57,1e-05,6.4787,130
0.62,1e-05,6.3563,140
0.66,1e-05,6.3781,150
0.7,1e-05,6.2917,160
0.75,1e-05,6.2204,170
0.79,1e-05,6.2317,180
0.84,1e-05,6.201,190
0.88,1e-05,6.1236,200
0.93,1e-05,6.2585,210
0.97,1e-05,6.1751,220
1.01,1e-05,6.1238,230
1.06,1e-05,6.1764,240
1.1,1e-05,6.1778,250
1.15,1e-05,6.1621,260
1.19,1e-05,6.1119,270
1.23,1e-05,6.1601,280
1.28,1e-05,6.078,290
1.32,1e-05,6.0893,300
1.37,1e-05,6.1653,310
1.41,1e-05,6.1388,320
1.45,1e-05,6.1481,330
1.5,1e-05,6.1478,340
1.54,1e-05,6.1286,350
1.59,1e-05,6.1029,360
1.63,1e-05,6.1143,370
1.67,1e-05,6.0737,380
1.72,1e-05,6.1266,390
1.76,1e-05,6.0522,400
1.81,1e-05,6.1075,410
1.85,1e-05,6.0569,420
1.89,1e-05,6.0779,430
1.94,1e-05,6.0542,440
1.98,1e-05,6.0128,450
2.03,1e-05,5.9481,460
2.07,1e-05,5.9526,470
2.11,1e-05,5.969,480
2.16,1e-05,5.8609,490
2.2,1e-05,5.9515,500
2.25,1e-05,6.0203,510
2.29,1e-05,6.0896,520
2.33,1e-05,5.909,530
2.38,1e-05,5.8994,540
2.42,1e-05,5.8291,550
2.47,1e-05,5.8777,560
2.51,1e-05,5.8505,570
2.56,1e-05,5.7393,580
2.6,1e-05,5.7865,590
2.64,1e-05,5.745,600
2.69,1e-05,5.8201,610
2.73,1e-05,5.7048,620
2.78,1e-05,5.7655,630
2.82,1e-05,5.7527,640
2.86,1e-05,5.7633,650
2.91,1e-05,5.7288,660
2.95,1e-05,5.6868,670
3.0,1e-05,5.5815,680
3.04,1e-05,5.4511,690
3.08,1e-05,5.4634,700
3.13,1e-05,5.4759,710
3.17,1e-05,5.4922,720
3.22,1e-05,5.3767,730
3.26,1e-05,5.3116,740
3.3,1e-05,5.3429,750
3.35,1e-05,5.3391,760
3.39,1e-05,5.3336,770
3.44,1e-05,5.17,780
3.48,1e-05,5.2425,790
3.52,1e-05,5.0951,800
3.57,1e-05,5.2719,810
3.61,1e-05,5.0721,820
3.66,1e-05,5.021,830
3.7,1e-05,5.1047,840
3.74,1e-05,4.9515,850
3.79,1e-05,5.0712,860
3.83,1e-05,5.0487,870
3.88,1e-05,5.018,880
3.92,1e-05,4.8899,890
3.96,1e-05,4.871,900
4.01,1e-05,4.9074,910
4.05,1e-05,4.7029,920
4.1,1e-05,4.7437,930
4.14,1e-05,4.5966,940
4.19,1e-05,4.6389,950
4.23,1e-05,4.4773,960
4.27,1e-05,4.6119,970
4.32,1e-05,4.4223,980
4.36,1e-05,4.5072,990
4.41,1e-05,4.4079,1000
4.45,1e-05,4.3318,1010
4.49,1e-05,4.2283,1020
4.54,1e-05,4.2539,1030
4.58,1e-05,4.2628,1040
4.63,1e-05,4.1213,1050
4.67,1e-05,4.266,1060
4.71,1e-05,4.1557,1070
4.76,1e-05,4.1344,1080
4.8,1e-05,4.2051,1090
4.85,1e-05,4.0718,1100
4.89,1e-05,3.993,1110
4.93,1e-05,3.7949,1120
4.98,1e-05,3.8906,1130
5.02,1e-05,3.8275,1140
5.07,1e-05,3.7247,1150
5.11,1e-05,3.7893,1160
5.15,1e-05,3.7175,1170
5.2,1e-05,3.7063,1180
5.24,1e-05,3.7006,1190
5.29,1e-05,3.5491,1200
5.33,1e-05,3.5337,1210
5.37,1e-05,3.5099,1220
5.42,1e-05,3.599,1230
5.46,1e-05,3.7015,1240
5.51,1e-05,3.5825,1250
5.55,1e-05,3.43,1260
5.59,1e-05,3.3985,1270
5.64,1e-05,3.3239,1280
5.68,1e-05,3.4121,1290
5.73,1e-05,3.4256,1300
5.77,1e-05,3.4394,1310
5.81,1e-05,3.4469,1320
5.86,1e-05,3.2348,1330
5.9,1e-05,3.2504,1340
5.95,1e-05,3.1418,1350
5.99,1e-05,3.2462,1360
6.04,1e-05,3.1498,1370
6.08,1e-05,3.1195,1380
6.12,1e-05,3.1024,1390
6.17,1e-05,2.9975,1400
6.21,1e-05,2.9896,1410
6.26,1e-05,3.1017,1420
6.3,1e-05,3.0092,1430
6.34,1e-05,3.0264,1440
6.39,1e-05,3.0421,1450
6.43,1e-05,2.8991,1460
6.48,1e-05,2.949,1470
6.52,1e-05,2.974,1480
6.56,1e-05,2.8443,1490
6.61,1e-05,2.8359,1500
6.65,1e-05,2.712,1510
6.7,1e-05,2.7953,1520
6.74,1e-05,2.6754,1530
6.78,1e-05,2.7387,1540
6.83,1e-05,2.8307,1550
6.87,1e-05,2.7529,1560
6.92,1e-05,2.7641,1570
6.96,1e-05,2.7702,1580
7.0,1e-05,2.64,1590
7.05,1e-05,2.6328,1600
7.09,1e-05,2.5943,1610
7.14,1e-05,2.7841,1620
7.18,1e-05,2.4408,1630
7.22,1e-05,2.5894,1640
7.27,1e-05,2.5504,1650
7.31,1e-05,2.6712,1660
7.36,1e-05,2.6096,1670
7.4,1e-05,2.5302,1680
7.44,1e-05,2.5417,1690
7.49,1e-05,2.5573,1700
7.53,1e-05,2.338,1710
7.58,1e-05,2.5238,1720
7.62,1e-05,2.2883,1730
7.67,1e-05,2.4155,1740
7.71,1e-05,2.3588,1750
7.75,1e-05,2.3525,1760
7.8,1e-05,2.2412,1770
7.84,1e-05,2.4026,1780
7.89,1e-05,2.3158,1790
7.93,1e-05,2.2428,1800
7.97,1e-05,2.3824,1810
8.02,1e-05,2.3026,1820
8.06,1e-05,2.1901,1830
8.11,1e-05,2.2351,1840
8.15,1e-05,2.2777,1850
8.19,1e-05,2.272,1860
8.24,1e-05,2.1034,1870
8.28,1e-05,2.1991,1880
8.33,1e-05,2.2076,1890
8.37,1e-05,2.2025,1900
8.41,1e-05,2.1865,1910
8.46,1e-05,2.1755,1920
8.5,1e-05,2.0928,1930
8.55,1e-05,2.2306,1940
8.59,1e-05,2.1215,1950
8.63,1e-05,2.0343,1960
8.68,1e-05,2.1883,1970
8.72,1e-05,2.0659,1980
8.77,1e-05,2.0902,1990
8.81,1e-05,2.0024,2000
8.85,1e-05,1.9231,2010
8.9,1e-05,2.0455,2020
8.94,1e-05,2.0054,2030
8.99,1e-05,1.8486,2040
9.03,1e-05,1.9246,2050
9.07,1e-05,1.8796,2060
9.12,1e-05,2.1219,2070
9.16,1e-05,1.8299,2080
9.21,1e-05,1.9606,2090
9.25,1e-05,1.9234,2100
9.3,1e-05,1.8546,2110
9.34,1e-05,1.8031,2120
9.38,1e-05,1.814,2130
9.43,1e-05,1.9224,2140
9.47,1e-05,1.8088,2150
9.52,1e-05,1.877,2160
9.56,1e-05,1.8506,2170
9.6,1e-05,1.7557,2180
9.65,1e-05,1.7982,2190
9.69,1e-05,1.9489,2200
9.74,1e-05,1.8875,2210
9.78,1e-05,1.8684,2220
9.82,1e-05,1.8497,2230
9.87,1e-05,1.8864,2240
9.91,1e-05,1.8519,2250
9.96,1e-05,1.7051,2260
10.0,1e-05,1.8092,2270
10.04,1e-05,1.7791,2280
10.09,1e-05,1.6854,2290
10.13,1e-05,1.6971,2300
10.18,1e-05,1.6968,2310
10.22,1e-05,1.7179,2320
10.26,1e-05,1.7329,2330
10.31,1e-05,1.7325,2340
10.35,1e-05,1.683,2350
10.4,1e-05,1.6868,2360
10.44,1e-05,1.6213,2370
10.48,1e-05,1.7591,2380
10.53,1e-05,1.7158,2390
10.57,1e-05,1.603,2400
10.62,1e-05,1.6737,2410
10.66,1e-05,1.5634,2420
10.7,1e-05,1.6075,2430
10.75,1e-05,1.6059,2440
10.79,1e-05,1.6198,2450
10.84,1e-05,1.6126,2460
10.88,1e-05,1.4617,2470
10.93,1e-05,1.4894,2480
10.97,1e-05,1.7792,2490
11.01,1e-05,1.563,2500
11.06,1e-05,1.4895,2510
11.1,1e-05,1.5587,2520
11.15,1e-05,1.5078,2530
11.19,1e-05,1.5288,2540
11.23,1e-05,1.6362,2550
11.28,1e-05,1.5325,2560
11.32,1e-05,1.5695,2570
11.37,1e-05,1.513,2580
11.41,1e-05,1.6304,2590
11.45,1e-05,1.4763,2600
11.5,1e-05,1.4301,2610
11.54,1e-05,1.4033,2620
11.59,1e-05,1.3793,2630
11.63,1e-05,1.4515,2640
11.67,1e-05,1.5526,2650
11.72,1e-05,1.5344,2660
11.76,1e-05,1.3916,2670
11.81,1e-05,1.5254,2680
11.85,1e-05,1.5291,2690
11.89,1e-05,1.4173,2700
11.94,1e-05,1.4842,2710
11.98,1e-05,1.3643,2720
12.03,1e-05,1.2617,2730
12.07,1e-05,1.4131,2740
12.11,1e-05,1.2573,2750
12.16,1e-05,1.3734,2760
12.2,1e-05,1.5317,2770
12.25,1e-05,1.3732,2780
12.29,1e-05,1.2533,2790
12.33,1e-05,1.3545,2800
12.38,1e-05,1.4186,2810
12.42,1e-05,1.3801,2820
12.47,1e-05,1.4105,2830
12.51,1e-05,1.3529,2840
12.56,1e-05,1.3807,2850
12.6,1e-05,1.4294,2860
12.64,1e-05,1.3646,2870
12.69,1e-05,1.361,2880
12.73,1e-05,1.2324,2890
12.78,1e-05,1.3269,2900
12.82,1e-05,1.1338,2910
12.86,1e-05,1.3959,2920
12.91,1e-05,1.4225,2930
12.95,1e-05,1.2122,2940
13.0,1e-05,1.3144,2950
13.04,1e-05,1.1923,2960
13.08,1e-05,1.3706,2970
13.13,1e-05,1.3023,2980
13.17,1e-05,1.1537,2990
13.22,1e-05,1.2228,3000
13.26,1e-05,1.2104,3010
13.3,1e-05,1.2503,3020
13.35,1e-05,1.2397,3030
13.39,1e-05,1.1616,3040
13.44,1e-05,1.2873,3050
13.48,1e-05,1.2796,3060
13.52,1e-05,1.265,3070
13.57,1e-05,1.2247,3080
13.61,1e-05,1.2456,3090
13.66,1e-05,1.2521,3100
13.7,1e-05,1.2464,3110
13.74,1e-05,1.1703,3120
13.79,1e-05,1.1765,3130
13.83,1e-05,1.0742,3140
13.88,1e-05,1.2744,3150
13.92,1e-05,1.0901,3160
13.96,1e-05,1.1889,3170
14.01,1e-05,1.2279,3180
14.05,1e-05,1.1156,3190
14.1,1e-05,1.2073,3200
14.14,1e-05,1.0786,3210
14.19,1e-05,1.1325,3220
14.23,1e-05,1.0702,3230
14.27,1e-05,1.1366,3240
14.32,1e-05,1.14,3250
14.36,1e-05,1.1607,3260
14.41,1e-05,1.1871,3270
14.45,1e-05,1.0008,3280
14.49,1e-05,1.231,3290
14.54,1e-05,1.11,3300
14.58,1e-05,1.1174,3310
14.63,1e-05,0.9617,3320
14.67,1e-05,1.1404,3330
14.71,1e-05,1.0606,3340
14.76,1e-05,1.1518,3350
14.8,1e-05,1.1193,3360
14.85,1e-05,0.9952,3370
14.89,1e-05,1.095,3380
14.93,1e-05,1.1221,3390
14.98,1e-05,1.0109,3400
15.02,1e-05,1.0663,3410
15.07,1e-05,1.1193,3420
15.11,1e-05,1.0261,3430
15.15,1e-05,0.9274,3440
15.2,1e-05,1.0624,3450
15.24,1e-05,1.0366,3460
15.29,1e-05,0.9935,3470
15.33,1e-05,1.0331,3480
15.37,1e-05,1.1502,3490
15.42,1e-05,1.3231,3500
15.46,1e-05,0.9502,3510
15.51,1e-05,1.1608,3520
15.55,1e-05,0.9596,3530
15.59,1e-05,1.0243,3540
15.64,1e-05,0.9375,3550
15.68,1e-05,0.9708,3560
15.73,1e-05,1.0032,3570
15.77,1e-05,1.0951,3580
15.81,1e-05,1.1681,3590
15.86,1e-05,1.0313,3600
15.9,1e-05,1.0038,3610
15.95,1e-05,1.0146,3620
15.99,1e-05,1.0671,3630
16.04,1e-05,0.9488,3640
16.08,1e-05,0.9539,3650
16.12,1e-05,1.0092,3660
16.17,1e-05,0.9459,3670
16.21,1e-05,0.9745,3680
16.26,1e-05,0.9543,3690
16.3,1e-05,0.9589,3700
16.34,1e-05,1.0083,3710
16.39,1e-05,0.92,3720
16.43,1e-05,0.9078,3730
16.48,1e-05,0.9329,3740
16.52,1e-05,0.976,3750
16.56,1e-05,0.9104,3760
16.61,1e-05,0.9141,3770
16.65,1e-05,0.8882,3780
16.7,1e-05,1.1595,3790
16.74,1e-05,0.917,3800
16.78,1e-05,0.8848,3810
16.83,1e-05,0.9363,3820
16.87,1e-05,0.9198,3830
16.92,1e-05,0.9855,3840
16.96,1e-05,0.9465,3850
17.0,1e-05,0.9279,3860
17.05,1e-05,0.8749,3870
17.09,1e-05,0.8692,3880
17.14,1e-05,0.8469,3890
17.18,1e-05,0.9166,3900
17.22,1e-05,0.917,3910
17.27,1e-05,0.9672,3920
17.31,1e-05,0.8475,3930
17.36,1e-05,0.8627,3940
17.4,1e-05,0.8643,3950
17.44,1e-05,0.9719,3960
17.49,1e-05,0.8116,3970
17.53,1e-05,0.9783,3980
17.58,1e-05,0.9421,3990
17.62,1e-05,0.9326,4000
17.67,1e-05,0.9304,4010
17.71,1e-05,0.9283,4020
17.75,1e-05,0.8232,4030
17.8,1e-05,0.8869,4040
17.84,1e-05,0.9531,4050
17.89,1e-05,0.9838,4060
17.93,1e-05,0.8617,4070
17.97,1e-05,0.8426,4080
18.02,1e-05,0.8008,4090
18.06,1e-05,0.8674,4100
18.11,1e-05,0.8178,4110
18.15,1e-05,0.835,4120
18.19,1e-05,0.7955,4130
18.24,1e-05,0.8698,4140
18.28,1e-05,0.7934,4150
18.33,1e-05,0.7956,4160
18.37,1e-05,0.8894,4170
18.41,1e-05,0.7582,4180
18.46,1e-05,0.8995,4190
18.5,1e-05,0.8573,4200
18.55,1e-05,0.9024,4210
18.59,1e-05,0.8575,4220
18.63,1e-05,0.8683,4230
18.68,1e-05,0.7505,4240
18.72,1e-05,0.7453,4250
18.77,1e-05,0.7874,4260
18.81,1e-05,0.8794,4270
18.85,1e-05,0.788,4280
18.9,1e-05,0.8467,4290
18.94,1e-05,0.7912,4300
18.99,1e-05,0.9496,4310
19.03,1e-05,0.7951,4320
19.07,1e-05,0.7001,4330
19.12,1e-05,0.8002,4340
19.16,1e-05,0.8234,4350
19.21,1e-05,0.8302,4360
19.25,1e-05,0.8424,4370
19.3,1e-05,0.6801,4380
19.34,1e-05,0.7742,4390
19.38,1e-05,0.7588,4400
19.43,1e-05,0.7752,4410
19.47,1e-05,0.8228,4420
19.52,1e-05,0.7431,4430
19.56,1e-05,0.813,4440
19.6,1e-05,0.8114,4450
19.65,1e-05,0.768,4460
19.69,1e-05,0.7958,4470
19.74,1e-05,0.7864,4480
19.78,1e-05,0.9033,4490
19.82,1e-05,0.815,4500
19.87,1e-05,0.8787,4510
19.91,1e-05,0.7564,4520
19.96,1e-05,0.8192,4530
20.0,1e-05,0.6827,4540
20.04,1e-05,0.756,4550
20.09,1e-05,0.7307,4560
20.13,1e-05,0.7178,4570
20.18,1e-05,0.7102,4580
20.22,1e-05,0.7854,4590
20.26,1e-05,0.8014,4600
20.31,1e-05,0.7841,4610
20.35,1e-05,0.8001,4620
20.4,1e-05,0.7472,4630
20.44,1e-05,0.8054,4640
20.48,1e-05,0.6231,4650
20.53,1e-05,0.721,4660
20.57,1e-05,0.7289,4670
20.62,1e-05,0.7641,4680
20.66,1e-05,0.7466,4690
20.7,1e-05,0.7539,4700
20.75,1e-05,0.7131,4710
20.79,1e-05,0.7455,4720
20.84,1e-05,0.7448,4730
20.88,1e-05,0.6965,4740
20.93,1e-05,0.6437,4750
20.97,1e-05,0.81,4760
21.01,1e-05,0.7376,4770
21.06,1e-05,0.7762,4780
21.1,1e-05,0.662,4790
21.15,1e-05,0.7079,4800
21.19,1e-05,0.7487,4810
21.23,1e-05,0.6179,4820
21.28,1e-05,0.7546,4830
21.32,1e-05,0.6553,4840
21.37,1e-05,0.6692,4850
21.41,1e-05,0.6309,4860
21.45,1e-05,0.6573,4870
21.5,1e-05,0.6759,4880
21.54,1e-05,0.7297,4890
21.59,1e-05,0.6265,4900
21.63,1e-05,0.7404,4910
21.67,1e-05,0.704,4920
21.72,1e-05,0.6792,4930
21.76,1e-05,0.8355,4940
21.81,1e-05,0.6957,4950
21.85,1e-05,0.7075,4960
21.89,1e-05,0.6952,4970
21.94,1e-05,0.7556,4980
21.98,1e-05,0.7104,4990
22.03,1e-05,0.6698,5000
22.07,1e-05,0.6521,5010
22.11,1e-05,0.6061,5020
22.16,1e-05,0.6491,5030
22.2,1e-05,0.7382,5040
22.25,1e-05,0.6449,5050
22.29,1e-05,0.6064,5060
22.33,1e-05,0.6603,5070
22.38,1e-05,0.6423,5080
22.42,1e-05,0.7005,5090
22.47,1e-05,0.621,5100
22.51,1e-05,0.6509,5110
22.56,1e-05,0.6637,5120
22.6,1e-05,0.6475,5130
22.64,1e-05,0.6529,5140
22.69,1e-05,0.6587,5150
22.73,1e-05,0.624,5160
22.78,1e-05,0.687,5170
22.82,1e-05,0.6739,5180
22.86,1e-05,0.5871,5190
22.91,1e-05,0.6391,5200
22.95,1e-05,0.7342,5210
23.0,1e-05,0.6913,5220
23.04,1e-05,0.6536,5230
23.08,1e-05,0.5791,5240
23.13,1e-05,0.5358,5250
23.17,1e-05,0.6205,5260
23.22,1e-05,0.6433,5270
23.26,1e-05,0.7262,5280
23.3,1e-05,0.6461,5290
23.35,1e-05,0.6165,5300
23.39,1e-05,0.7113,5310
23.44,1e-05,0.6316,5320
23.48,1e-05,0.5482,5330
23.52,1e-05,0.5706,5340
23.57,1e-05,0.5626,5350
23.61,1e-05,0.6733,5360
23.66,1e-05,0.5867,5370
23.7,1e-05,0.617,5380
23.74,1e-05,0.6674,5390
23.79,1e-05,0.6006,5400
23.83,1e-05,0.583,5410
23.88,1e-05,0.6963,5420
23.92,1e-05,0.5754,5430
23.96,1e-05,0.5983,5440
24.01,1e-05,0.7115,5450
24.05,1e-05,0.6509,5460
24.1,1e-05,0.5937,5470
24.14,1e-05,0.6076,5480
24.19,1e-05,0.5378,5490
24.23,1e-05,0.517,5500
24.27,1e-05,0.5426,5510
24.32,1e-05,0.6361,5520
24.36,1e-05,0.5819,5530
24.41,1e-05,0.5702,5540
24.45,1e-05,0.5357,5550
24.49,1e-05,0.6286,5560
24.54,1e-05,0.7077,5570
24.58,1e-05,0.5572,5580
24.63,1e-05,0.5573,5590
24.67,1e-05,0.5997,5600
24.71,1e-05,0.5273,5610
24.76,1e-05,0.5911,5620
24.8,1e-05,0.6049,5630
24.85,1e-05,0.6479,5640
24.89,1e-05,0.5625,5650
24.93,1e-05,0.4897,5660
24.98,1e-05,0.6322,5670
25.02,1e-05,0.5559,5680
25.07,1e-05,0.5607,5690
25.11,1e-05,0.5289,5700
25.15,1e-05,0.6165,5710
25.2,1e-05,0.6598,5720
25.24,1e-05,0.6211,5730
25.29,1e-05,0.5703,5740
25.33,1e-05,0.5906,5750
25.37,1e-05,0.5857,5760
25.42,1e-05,0.6683,5770
25.46,1e-05,0.5226,5780
25.51,1e-05,0.5255,5790
25.55,1e-05,0.5472,5800
25.59,1e-05,0.4954,5810
25.64,1e-05,0.6139,5820
25.68,1e-05,0.5487,5830
25.73,1e-05,0.5016,5840
25.77,1e-05,0.5672,5850
25.81,1e-05,0.5541,5860
25.86,1e-05,0.5544,5870
25.9,1e-05,0.5839,5880
25.95,1e-05,0.5073,5890
25.99,1e-05,0.5361,5900
26.04,1e-05,0.5195,5910
26.08,1e-05,0.5239,5920
26.12,1e-05,0.636,5930
26.17,1e-05,0.5538,5940
26.21,1e-05,0.5518,5950
26.26,1e-05,0.4882,5960
26.3,1e-05,0.5688,5970
26.34,1e-05,0.4774,5980
26.39,1e-05,0.4902,5990
26.43,1e-05,0.4752,6000
26.48,1e-05,0.5876,6010
26.52,1e-05,0.6228,6020
26.56,1e-05,0.551,6030
26.61,1e-05,0.5488,6040
26.65,1e-05,0.5031,6050
26.7,1e-05,0.5318,6060
26.74,1e-05,0.5169,6070
26.78,1e-05,0.5582,6080
26.83,1e-05,0.4982,6090
26.87,1e-05,0.5942,6100
26.92,1e-05,0.473,6110
26.96,1e-05,0.4904,6120
27.0,1e-05,0.4859,6130
27.05,1e-05,0.5215,6140
27.09,1e-05,0.4377,6150
27.14,1e-05,0.4595,6160
27.18,1e-05,0.4993,6170
27.22,1e-05,0.5095,6180
27.27,1e-05,0.5075,6190
27.31,1e-05,0.5171,6200
27.36,1e-05,0.5749,6210
27.4,1e-05,0.4959,6220
27.44,1e-05,0.4837,6230
27.49,1e-05,0.572,6240
27.53,1e-05,0.5331,6250
27.58,1e-05,0.573,6260
27.62,1e-05,0.4973,6270
27.67,1e-05,0.5856,6280
27.71,1e-05,0.5503,6290
27.75,1e-05,0.4971,6300
27.8,1e-05,0.5545,6310
27.84,1e-05,0.5532,6320
27.89,1e-05,0.592,6330
27.93,1e-05,0.5384,6340
27.97,1e-05,0.5632,6350
28.02,1e-05,0.575,6360
28.06,1e-05,0.5462,6370
28.11,1e-05,0.517,6380
28.15,1e-05,0.4439,6390
28.19,1e-05,0.4409,6400
28.24,1e-05,0.4852,6410
28.28,1e-05,0.4023,6420
28.33,1e-05,0.4308,6430
28.37,1e-05,0.4663,6440
28.41,1e-05,0.5963,6450
28.46,1e-05,0.4606,6460
28.5,1e-05,0.4392,6470
28.55,1e-05,0.3993,6480
28.59,1e-05,0.4469,6490
28.63,1e-05,0.5229,6500
28.68,1e-05,0.4391,6510
28.72,1e-05,0.4219,6520
28.77,1e-05,0.475,6530
28.81,1e-05,0.6471,6540
28.85,1e-05,0.4453,6550
28.9,1e-05,0.4885,6560
28.94,1e-05,0.4568,6570
28.99,1e-05,0.4023,6580
29.03,1e-05,0.4266,6590
29.07,1e-05,0.4648,6600
29.12,1e-05,0.4499,6610
29.16,1e-05,0.4466,6620
29.21,1e-05,0.4351,6630
29.25,1e-05,0.4482,6640
29.3,1e-05,0.398,6650
29.34,1e-05,0.5208,6660
29.38,1e-05,0.4303,6670
29.43,1e-05,0.4195,6680
29.47,1e-05,0.4439,6690
29.52,1e-05,0.4407,6700
29.56,1e-05,0.463,6710
29.6,1e-05,0.4449,6720
29.65,1e-05,0.4672,6730
29.69,1e-05,0.4316,6740
29.74,1e-05,0.4325,6750
29.78,1e-05,0.5503,6760
29.82,1e-05,0.4064,6770
29.87,1e-05,0.4823,6780
29.91,1e-05,0.49,6790
29.96,1e-05,0.4316,6800
30.0,1e-05,0.457,6810
30.04,1e-05,0.4102,6820
30.09,1e-05,0.4408,6830
30.13,1e-05,0.389,6840
30.18,1e-05,0.3769,6850
30.22,1e-05,0.3723,6860
30.26,1e-05,0.4206,6870
30.31,1e-05,0.3742,6880
30.35,1e-05,0.4072,6890
30.4,1e-05,0.5038,6900
30.44,1e-05,0.5447,6910
30.48,1e-05,0.4215,6920
30.53,1e-05,0.4101,6930
30.57,1e-05,0.4016,6940
30.62,1e-05,0.4791,6950
30.66,1e-05,0.4133,6960
30.7,1e-05,0.4596,6970
30.75,1e-05,0.4387,6980
30.79,1e-05,0.3876,6990
30.84,1e-05,0.387,7000
30.88,1e-05,0.4906,7010
30.93,1e-05,0.4265,7020
30.97,1e-05,0.5026,7030
31.01,1e-05,0.4378,7040
31.06,1e-05,0.3401,7050
31.1,1e-05,0.3978,7060
31.15,1e-05,0.4305,7070
31.19,1e-05,0.4382,7080
31.23,1e-05,0.3736,7090
31.28,1e-05,0.3494,7100
31.32,1e-05,0.393,7110
31.37,1e-05,0.367,7120
31.41,1e-05,0.4804,7130
31.45,1e-05,0.4001,7140
31.5,1e-05,0.4241,7150
31.54,1e-05,0.4583,7160
31.59,1e-05,0.3865,7170
31.63,1e-05,0.4219,7180
31.67,1e-05,0.479,7190
31.72,1e-05,0.3593,7200
31.76,1e-05,0.3972,7210
31.81,1e-05,0.4328,7220
31.85,1e-05,0.4093,7230
31.89,1e-05,0.4369,7240
31.94,1e-05,0.4686,7250
31.98,1e-05,0.4978,7260
32.03,1e-05,0.3889,7270
32.07,1e-05,0.492,7280
32.11,1e-05,0.3837,7290
32.16,1e-05,0.4021,7300
32.2,1e-05,0.4146,7310
32.25,1e-05,0.3892,7320
32.29,1e-05,0.3736,7330
32.33,1e-05,0.3205,7340
32.38,1e-05,0.441,7350
32.42,1e-05,0.3834,7360
32.47,1e-05,0.3798,7370
32.51,1e-05,0.4392,7380
32.56,1e-05,0.3756,7390
32.6,1e-05,0.3568,7400
32.64,1e-05,0.4559,7410
32.69,1e-05,0.3728,7420
32.73,1e-05,0.387,7430
32.78,1e-05,0.4404,7440
32.82,1e-05,0.3444,7450
32.86,1e-05,0.4154,7460
32.91,1e-05,0.3762,7470
32.95,1e-05,0.4662,7480
33.0,1e-05,0.377,7490
33.04,1e-05,0.3901,7500
33.08,1e-05,0.4151,7510
33.13,1e-05,0.4372,7520
33.17,1e-05,0.3683,7530
33.22,1e-05,0.4383,7540
33.26,1e-05,0.3531,7550
33.3,1e-05,0.3592,7560
33.35,1e-05,0.41,7570
33.39,1e-05,0.3853,7580
33.44,1e-05,0.4275,7590
33.48,1e-05,0.4082,7600
33.52,1e-05,0.3073,7610
33.57,1e-05,0.4013,7620
33.61,1e-05,0.3625,7630
33.66,1e-05,0.42,7640
33.7,1e-05,0.3165,7650
33.74,1e-05,0.3617,7660
33.79,1e-05,0.4084,7670
33.83,1e-05,0.3911,7680
33.88,1e-05,0.443,7690
33.92,1e-05,0.4498,7700
33.96,1e-05,0.3476,7710
34.01,1e-05,0.3975,7720
34.05,1e-05,0.4071,7730
34.1,1e-05,0.3666,7740
34.14,1e-05,0.3686,7750
34.19,1e-05,0.3482,7760
34.23,1e-05,0.3292,7770
34.27,1e-05,0.35,7780
34.32,1e-05,0.3479,7790
34.36,1e-05,0.3546,7800
34.41,1e-05,0.3985,7810
34.45,1e-05,0.4693,7820
34.49,1e-05,0.3742,7830
34.54,1e-05,0.3611,7840
34.58,1e-05,0.2883,7850
34.63,1e-05,0.437,7860
34.67,1e-05,0.3976,7870
34.71,1e-05,0.4005,7880
34.76,1e-05,0.3557,7890
34.8,1e-05,0.3369,7900
34.85,1e-05,0.3548,7910
34.89,1e-05,0.3425,7920
34.93,1e-05,0.3939,7930
34.98,1e-05,0.3443,7940
35.02,1e-05,0.3826,7950
35.07,1e-05,0.3295,7960
35.11,1e-05,0.3239,7970
35.15,1e-05,0.319,7980
35.2,1e-05,0.3345,7990
35.24,1e-05,0.3081,8000
35.29,1e-05,0.4073,8010
35.33,1e-05,0.342,8020
35.37,1e-05,0.3388,8030
35.42,1e-05,0.3469,8040
35.46,1e-05,0.3462,8050
35.51,1e-05,0.389,8060
35.55,1e-05,0.3721,8070
35.59,1e-05,0.3674,8080
35.64,1e-05,0.4642,8090
35.68,1e-05,0.3463,8100
35.73,1e-05,0.418,8110
35.77,1e-05,0.2971,8120
35.81,1e-05,0.3119,8130
35.86,1e-05,0.3703,8140
35.9,1e-05,0.3614,8150
35.95,1e-05,0.3366,8160
35.99,1e-05,0.322,8170
36.04,1e-05,0.3237,8180
36.08,1e-05,0.3205,8190
36.12,1e-05,0.2927,8200
36.17,1e-05,0.3499,8210
36.21,1e-05,0.3605,8220
36.26,1e-05,0.3131,8230
36.3,1e-05,0.3382,8240
36.34,1e-05,0.3258,8250
36.39,1e-05,0.289,8260
36.43,1e-05,0.3048,8270
36.48,1e-05,0.4068,8280
36.52,1e-05,0.308,8290
36.56,1e-05,0.2959,8300
36.61,1e-05,0.3087,8310
36.65,1e-05,0.3352,8320
36.7,1e-05,0.3885,8330
36.74,1e-05,0.3417,8340
36.78,1e-05,0.284,8350
36.83,1e-05,0.3458,8360
36.87,1e-05,0.3046,8370
36.92,1e-05,0.3484,8380
36.96,1e-05,0.2993,8390
37.0,1e-05,0.3603,8400
37.05,1e-05,0.3495,8410
37.09,1e-05,0.3237,8420
37.14,1e-05,0.3356,8430
37.18,1e-05,0.2719,8440
37.22,1e-05,0.3349,8450
37.27,1e-05,0.357,8460
37.31,1e-05,0.359,8470
37.36,1e-05,0.2963,8480
37.4,1e-05,0.2207,8490
37.44,1e-05,0.3321,8500
37.49,1e-05,0.3043,8510
37.53,1e-05,0.3404,8520
37.58,1e-05,0.3617,8530
37.62,1e-05,0.3432,8540
37.67,1e-05,0.2549,8550
37.71,1e-05,0.3336,8560
37.75,1e-05,0.3235,8570
37.8,1e-05,0.3278,8580
37.84,1e-05,0.3188,8590
37.89,1e-05,0.361,8600
37.93,1e-05,0.2939,8610
37.97,1e-05,0.2753,8620
38.02,1e-05,0.3649,8630
38.06,1e-05,0.323,8640
38.11,1e-05,0.346,8650
38.15,1e-05,0.3337,8660
38.19,1e-05,0.2915,8670
38.24,1e-05,0.2634,8680
38.28,1e-05,0.3054,8690
38.33,1e-05,0.3415,8700
38.37,1e-05,0.2854,8710
38.41,1e-05,0.2325,8720
38.46,1e-05,0.3197,8730
38.5,1e-05,0.3314,8740
38.55,1e-05,0.3582,8750
38.59,1e-05,0.2857,8760
38.63,1e-05,0.3012,8770
38.68,1e-05,0.3543,8780
38.72,1e-05,0.2956,8790
38.77,1e-05,0.2977,8800
38.81,1e-05,0.3275,8810
38.85,1e-05,0.351,8820
38.9,1e-05,0.2603,8830
38.94,1e-05,0.3295,8840
38.99,1e-05,0.2834,8850
39.03,1e-05,0.2764,8860
39.07,1e-05,0.3116,8870
39.12,1e-05,0.3325,8880
39.16,1e-05,0.3607,8890
39.21,1e-05,0.3059,8900
39.25,1e-05,0.3036,8910
39.3,1e-05,0.3178,8920
39.34,1e-05,0.2864,8930
39.38,1e-05,0.3202,8940
39.43,1e-05,0.3011,8950
39.47,1e-05,0.293,8960
39.52,1e-05,0.3623,8970
39.56,1e-05,0.2977,8980
39.6,1e-05,0.3574,8990
39.65,1e-05,0.2631,9000
39.69,1e-05,0.2898,9010
39.74,1e-05,0.3155,9020
39.78,1e-05,0.3376,9030
39.82,1e-05,0.2778,9040
39.87,1e-05,0.3016,9050
39.91,1e-05,0.3988,9060
39.96,1e-05,0.3338,9070
40.0,1e-05,0.3351,9080
40.04,1e-05,0.2913,9090
40.09,1e-05,0.3433,9100
40.13,1e-05,0.2987,9110
40.18,1e-05,0.2972,9120
40.22,1e-05,0.3179,9130
40.26,1e-05,0.3434,9140
40.31,1e-05,0.2544,9150
40.35,1e-05,0.3054,9160
40.4,1e-05,0.3176,9170
40.44,1e-05,0.2851,9180
40.48,1e-05,0.3777,9190
40.53,1e-05,0.276,9200
40.57,1e-05,0.2798,9210
40.62,1e-05,0.2531,9220
40.66,1e-05,0.2912,9230
40.7,1e-05,0.3027,9240
40.75,1e-05,0.2848,9250
40.79,1e-05,0.3038,9260
40.84,1e-05,0.2525,9270
40.88,1e-05,0.3563,9280
40.93,1e-05,0.3179,9290
40.97,1e-05,0.318,9300
41.01,1e-05,0.285,9310
41.06,1e-05,0.3148,9320
41.1,1e-05,0.2636,9330
41.15,1e-05,0.3419,9340
41.19,1e-05,0.2707,9350
41.23,1e-05,0.2644,9360
41.28,1e-05,0.2745,9370
41.32,1e-05,0.2839,9380
41.37,1e-05,0.2838,9390
41.41,1e-05,0.2903,9400
41.45,1e-05,0.2979,9410
41.5,1e-05,0.314,9420
41.54,1e-05,0.3016,9430
41.59,1e-05,0.2669,9440
41.63,1e-05,0.2292,9450
41.67,1e-05,0.3081,9460
41.72,1e-05,0.2348,9470
41.76,1e-05,0.2881,9480
41.81,1e-05,0.2342,9490
41.85,1e-05,0.3379,9500
41.89,1e-05,0.2752,9510
41.94,1e-05,0.278,9520
41.98,1e-05,0.2411,9530
42.03,1e-05,0.2611,9540
42.07,1e-05,0.267,9550
42.11,1e-05,0.3037,9560
42.16,1e-05,0.3059,9570
42.2,1e-05,0.2261,9580
42.25,1e-05,0.2569,9590
42.29,1e-05,0.2344,9600
42.33,1e-05,0.3133,9610
42.38,1e-05,0.233,9620
42.42,1e-05,0.3016,9630
42.47,1e-05,0.2618,9640
42.51,1e-05,0.2187,9650
42.56,1e-05,0.3293,9660
42.6,1e-05,0.3377,9670
42.64,1e-05,0.2969,9680
42.69,1e-05,0.3182,9690
42.73,1e-05,0.2582,9700
42.78,1e-05,0.2316,9710
42.82,1e-05,0.3231,9720
42.86,1e-05,0.3609,9730
42.91,1e-05,0.3167,9740
42.95,1e-05,0.2744,9750
43.0,1e-05,0.2852,9760
43.04,1e-05,0.2229,9770
43.08,1e-05,0.2468,9780
43.13,1e-05,0.2593,9790
43.17,1e-05,0.2726,9800
43.22,1e-05,0.2453,9810
43.26,1e-05,0.2864,9820
43.3,1e-05,0.2655,9830
43.35,1e-05,0.2664,9840
43.39,1e-05,0.2768,9850
43.44,1e-05,0.2331,9860
43.48,1e-05,0.2949,9870
43.52,1e-05,0.2456,9880
43.57,1e-05,0.2485,9890
43.61,1e-05,0.2617,9900
43.66,1e-05,0.2883,9910
43.7,1e-05,0.2737,9920
43.74,1e-05,0.2526,9930
43.79,1e-05,0.2469,9940
43.83,1e-05,0.2818,9950
43.88,1e-05,0.3378,9960
43.92,1e-05,0.2664,9970
43.96,1e-05,0.2911,9980
44.01,1e-05,0.2728,9990
44.05,1e-05,0.2865,10000
44.1,1e-05,0.2466,10010
44.14,1e-05,0.3039,10020
44.19,1e-05,0.2282,10030
44.23,1e-05,0.2797,10040
44.27,1e-05,0.1957,10050
44.32,1e-05,0.3038,10060
44.36,1e-05,0.2418,10070
44.41,1e-05,0.2375,10080
44.45,1e-05,0.2344,10090
44.49,1e-05,0.2378,10100
44.54,1e-05,0.2346,10110
44.58,1e-05,0.2159,10120
44.63,1e-05,0.2848,10130
44.67,1e-05,0.2824,10140
44.71,1e-05,0.2903,10150
44.76,1e-05,0.2601,10160
44.8,1e-05,0.2793,10170
44.85,1e-05,0.204,10180
44.89,1e-05,0.2548,10190
44.93,1e-05,0.2728,10200
44.98,1e-05,0.3053,10210
45.02,1e-05,0.1974,10220
45.07,1e-05,0.2257,10230
45.11,1e-05,0.1982,10240
45.15,1e-05,0.2814,10250
45.2,1e-05,0.2533,10260
45.24,1e-05,0.2641,10270
45.29,1e-05,0.2534,10280
45.33,1e-05,0.2634,10290
45.37,1e-05,0.2468,10300
45.42,1e-05,0.2681,10310
45.46,1e-05,0.2598,10320
45.51,1e-05,0.2428,10330
45.55,1e-05,0.2726,10340
45.59,1e-05,0.2339,10350
45.64,1e-05,0.2089,10360
45.68,1e-05,0.2472,10370
45.73,1e-05,0.2563,10380
45.77,1e-05,0.2238,10390
45.81,1e-05,0.2635,10400
45.86,1e-05,0.2272,10410
45.9,1e-05,0.2919,10420
45.95,1e-05,0.2465,10430
45.99,1e-05,0.3299,10440
46.04,1e-05,0.2582,10450
46.08,1e-05,0.1812,10460
46.12,1e-05,0.2585,10470
46.17,1e-05,0.2143,10480
46.21,1e-05,0.2066,10490
46.26,1e-05,0.1897,10500
46.3,1e-05,0.2356,10510
46.34,1e-05,0.232,10520
46.39,1e-05,0.2368,10530
46.43,1e-05,0.2216,10540
46.48,1e-05,0.2521,10550
46.52,1e-05,0.2436,10560
46.56,1e-05,0.2446,10570
46.61,1e-05,0.2451,10580
46.65,1e-05,0.2589,10590
46.7,1e-05,0.2539,10600
46.74,1e-05,0.2384,10610
46.78,1e-05,0.2665,10620
46.83,1e-05,0.251,10630
46.87,1e-05,0.2369,10640
46.92,1e-05,0.2259,10650
46.96,1e-05,0.2591,10660
47.0,1e-05,0.2256,10670
47.05,1e-05,0.2104,10680
47.09,1e-05,0.2495,10690
47.14,1e-05,0.23,10700
47.18,1e-05,0.2326,10710
47.22,1e-05,0.2368,10720
47.27,1e-05,0.2874,10730
47.31,1e-05,0.2696,10740
47.36,1e-05,0.2141,10750
47.4,1e-05,0.3234,10760
47.44,1e-05,0.2445,10770
47.49,1e-05,0.2314,10780
47.53,1e-05,0.2306,10790
47.58,1e-05,0.1839,10800
47.62,1e-05,0.2388,10810
47.67,1e-05,0.226,10820
47.71,1e-05,0.2532,10830
47.75,1e-05,0.271,10840
47.8,1e-05,0.2083,10850
47.84,1e-05,0.2295,10860
47.89,1e-05,0.1907,10870
47.93,1e-05,0.2428,10880
47.97,1e-05,0.2687,10890
48.02,1e-05,0.2352,10900
48.06,1e-05,0.1687,10910
48.11,1e-05,0.1912,10920
48.15,1e-05,0.229,10930
48.19,1e-05,0.2328,10940
48.24,1e-05,0.2789,10950
48.28,1e-05,0.1946,10960
48.33,1e-05,0.2007,10970
48.37,1e-05,0.2311,10980
48.41,1e-05,0.2427,10990
48.46,1e-05,0.2674,11000
48.5,1e-05,0.2321,11010
48.55,1e-05,0.2745,11020
48.59,1e-05,0.2019,11030
48.63,1e-05,0.1781,11040
48.68,1e-05,0.2545,11050
48.72,1e-05,0.247,11060
48.77,1e-05,0.2381,11070
48.81,1e-05,0.1967,11080
48.85,1e-05,0.2465,11090
48.9,1e-05,0.2643,11100
48.94,1e-05,0.2409,11110
48.99,1e-05,0.2236,11120
49.03,1e-05,0.2399,11130
49.07,1e-05,0.1873,11140
49.12,1e-05,0.2471,11150
49.16,1e-05,0.2349,11160
49.21,1e-05,0.2481,11170
49.25,1e-05,0.2522,11180
49.3,1e-05,0.2407,11190
49.34,1e-05,0.2212,11200
49.38,1e-05,0.2245,11210
49.43,1e-05,0.1984,11220
49.47,1e-05,0.2109,11230
49.52,1e-05,0.1769,11240
49.56,1e-05,0.2,11250
49.6,1e-05,0.1942,11260
49.65,1e-05,0.2071,11270
49.69,1e-05,0.2127,11280
49.74,1e-05,0.2201,11290
49.78,1e-05,0.2282,11300
